globalid,id,position_0,position_1,position_2,radius
21978,10903,0.79556,0.0434406,0.049639204000000006,0.0140237
6668,10921,0.36161999999999983,0.0669419,0.029758800000000002,0.0119826
6713,10924,0.76004,0.101285,0.015615400000000002,0.0156691
8868,10953,0.2886799999999998,0.158785,0.037930700000000005,0.0107499
4690,10962,0.27102999999999966,0.156198,0.024772300000000004,0.0101623
5568,10966,0.5899899999999998,0.0794139,0.044536900000000004,0.0206639
9797,10991,0.7398599999999997,-0.0753728,0.048409820000000006,0.0204363
9747,10999,0.38832999999999984,0.0590715,0.05066128,0.011551
8691,11001,0.6006199999999997,0.0142198,0.04123499,0.0123324
12426,11004,0.1472699999999998,-0.124813,0.05432315,0.0111964
5827,11008,0.38295999999999975,-0.0763525,0.046645110000000004,0.0117204
8516,11017,1.0675499999999998,0.153178,0.057161710000000004,0.0123647
9130,11020,0.21733999999999964,-0.00191293,0.036341000000000005,0.0130702
4512,11024,0.1806399999999999,0.125878,0.04267055,0.0142141
4907,11025,0.6251099999999998,-0.0298635,0.05392298,0.0136508
15684,11038,0.19321999999999973,-0.156564,0.0350402,0.0135034
31655,11047,0.10752000000000006,-0.10401,0.0350762,0.0101117
7894,11052,0.2501699999999998,-0.137686,0.061475,0.0125499
16787,11054,0.14765000000000006,-0.00836634,0.029849100000000003,0.0123324
18900,11055,0.45805000000000007,-0.0911741,0.052067720000000005,0.0174839
17666,11056,0.1847599999999998,0.06266,0.044137130000000004,0.0101117
10054,11057,0.29373000000000005,-0.00850084,0.05081597,0.0162812
57878,11059,0.12814999999999976,-0.155426,0.018663400000000004,0.018746
38964,11061,0.008569999999999744,0.0931683,0.04133234,0.0138511
11244,11066,0.6838699999999998,0.159769,0.051075840000000004,0.0177222
3409,11068,0.9729999999999999,-0.0107363,0.05490293,0.0178036
5521,11069,0.6608,-0.0535575,0.044223620000000005,0.0150777
9705,11070,0.7227600000000001,0.152127,0.035317600000000005,0.0147701
10099,11076,0.21599999999999975,0.0858742,0.05200321,0.0105737
9173,11077,0.25678,0.0159798,0.0655897,0.01077
3762,11078,0.7643999999999997,0.0722093,0.04175185000000001,0.0135189
7896,11080,0.4242999999999997,-0.0576206,0.05481254,0.0136022
6624,11096,0.5470799999999998,0.123398,0.04528502,0.0105847
19864,11098,0.1491699999999998,-0.13673,0.0341664,0.01232
13399,11106,0.16697000000000006,0.00668272,0.0323789,0.0123225
23165,11107,0.26727999999999996,-0.041562,0.035703900000000004,0.0123625
32626,11124,0.24872999999999967,0.00792417,0.04292034,0.0146308
55772,11125,0.13321999999999967,0.0481722,0.04255366,0.0168967
16613,11126,0.35821999999999976,0.107539,0.027530500000000003,0.0101117
35705,11141,0.15131000000000006,-0.0299467,0.014413500000000003,0.0144791
17799,11143,0.16201,0.0593991,0.0327852,0.0155416
13487,11145,0.1913499999999999,0.0477284,0.013420500000000002,0.0134734
42043,11155,0.13575999999999988,0.00695317,0.013199100000000005,0.0132571
21890,11156,0.47621,0.117583,0.075479,0.0217373
8206,11165,0.13335000000000008,0.104513,0.040756940000000005,0.0125534
46357,11168,0.1221899999999998,0.139143,0.0156682,0.015731
58938,11180,0.11952999999999969,-0.0353726,0.013005600000000006,0.0130625
54671,11182,0.14286999999999983,0.0858979,0.0181783,0.0182491
4818,11184,0.8218399999999999,0.0383272,0.058893810000000005,0.0143325
45251,11189,0.3966599999999998,-0.130078,0.016271100000000004,0.0163314
51592,11198,0.13012999999999986,0.0336713,0.011721100000000005,0.0117658
9085,11201,0.3478699999999999,0.0198728,0.03840300000000001,0.0116379
3805,11203,0.29800000000000004,0.063859,0.038339200000000004,0.0148286
6842,11214,0.1508099999999999,0.0879507,0.047839650000000004,0.0125534
15728,11217,0.2745199999999999,-0.13755,0.0541981,0.0128902
50444,11221,0.7040099999999998,-0.0452728,0.0120484,0.0121113
21051,11226,0.48965999999999976,-0.150969,0.05301467,0.0124659
44196,11228,0.44643999999999995,-0.0650862,0.023133900000000002,0.023204
13440,11229,0.5863899999999997,-0.109564,0.0417241,0.0151463
10930,11234,0.9457300000000002,-0.1138,0.0743007,0.0157036
6626,11252,0.4779899999999997,0.140042,0.051763380000000005,0.0110044
12253,11270,0.5299199999999997,0.00764327,0.06101090000000001,0.0101117
8077,11272,0.3046199999999999,0.150988,0.048859110000000004,0.0101117
11018,11274,0.20752999999999977,-0.143376,0.04838171,0.0101154
5740,11275,0.36592,-0.0550857,0.05805549,0.0165215
6576,11276,1.0104499999999996,-0.0177591,0.0335149,0.0109
6490,11277,0.37224999999999975,-0.0230795,0.05688863,0.0145168
11242,11278,0.3792399999999998,0.00723674,0.05672551,0.0115844
53654,11286,0.08863999999999983,-0.155798,0.010073500000000006,0.0101117
13442,11317,0.19957999999999965,0.0319954,0.0622018,0.0155508
9215,11321,0.43589999999999973,-0.115257,0.048985230000000005,0.0154131
29545,11325,0.38146999999999975,0.0307492,0.0640886,0.0131768
11239,11327,0.9977,-0.116422,0.06221550000000001,0.017641
10231,11333,0.14670000000000005,0.0592885,0.0631154,0.0101117
20968,11345,0.05828999999999995,0.131171,0.029712000000000002,0.0171134
27434,11348,0.016280000000000072,0.0367785,0.058562310000000006,0.012501
7895,11359,0.06056999999999979,-0.088169,0.05212936,0.0142965
9083,11363,0.40584,-0.0745864,0.059974280000000005,0.0120181
5612,11364,0.8133699999999999,0.129469,0.05517151,0.01777
13529,11369,0.34016,-0.0778342,0.0570149,0.0138549
7503,11380,0.2709999999999999,0.0843665,0.0389019,0.0177486
45212,11393,0.6838599999999997,0.101064,0.016795700000000004,0.0168569
10273,11402,0.16334999999999988,-0.0241311,0.0357228,0.0107087
46309,11407,0.11308000000000007,-0.0782706,0.010079900000000003,0.0101117
6926,11414,0.6434599999999997,-0.126223,0.035836900000000005,0.0144042
7455,11418,0.7861799999999999,-0.102979,0.04681847,0.0195883
10931,11419,0.6744599999999998,-0.0872247,0.040092420000000004,0.0124659
51546,11424,0.018749999999999822,0.0305688,0.025395800000000003,0.0213615
5475,11428,0.47887999999999975,-0.0813485,0.033677900000000004,0.0120181
3277,11430,0.6481599999999998,-0.0351759,0.05586387,0.0101117
23118,11438,0.08722999999999992,-0.133354,0.0238853,0.0135223
19998,11445,0.06006,0.00606044,0.0355312,0.0170277
50487,11447,0.10604999999999976,-0.115788,0.014021800000000001,0.0140787
49433,11451,0.022279999999999855,-0.0884029,0.012215400000000001,0.0122621
52602,11458,0.1125799999999999,-0.00856123,0.014647900000000005,0.0147035
59995,11468,0.07670999999999983,0.1007,0.015086700000000001,0.0151549
15554,11469,0.05728,0.0984449,0.031844000000000004,0.0106218
56827,11492,0.022149999999999892,-0.0373954,0.0135312,0.0135853
9745,11498,0.018519999999999648,-0.0750164,0.052826960000000006,0.012093
5302,11501,0.4573799999999997,0.016095,0.061094100000000005,0.0136404
9924,11504,0.11212,0.129836,0.0500323711,0.0213017
6360,11505,0.6633299999999998,0.00405456,0.0620582,0.0136224
9527,11506,0.7682199999999999,0.0472226,0.05175461,0.0136898
10980,11520,0.6157699999999999,0.10437,0.05170587,0.0131845
12341,11535,0.26857,-0.0708274,0.05680391,0.0102821
8911,11549,0.4502799999999998,-0.0103112,0.05102321,0.0155416
10007,11553,0.35256,-0.0976486,0.049574423,0.0106957
6796,11554,0.28003,-0.058869,0.0700236,0.0109259
7897,11555,0.17287000000000008,0.0210334,0.054158410000000004,0.0144481
29546,11587,0.15490999999999966,0.0394392,0.05909185,0.0117626
11151,11598,0.24899999999999967,-0.120526,0.0364804,0.0178167
19824,11602,0.15122999999999998,0.145659,0.044412850000000004,0.0213017
9965,11615,0.5972999999999997,-0.0525941,0.055813390000000004,0.0119836
15467,11622,0.3928499999999997,-0.00963155,0.05634794,0.0101117
12119,11626,0.4468099999999997,-0.139979,0.0650175,0.0101117
18810,11627,0.20135999999999976,-0.0760351,0.027596300000000004,0.0122211
9918,11634,0.71685,-0.13737,0.05342355,0.0147433
10228,11638,0.24456999999999995,-0.063833,0.04015668,0.0197865
8864,11639,0.42574999999999985,-0.0828627,0.04837205,0.0124961
21007,11640,0.18283000000000005,-0.11997,0.045572310000000005,0.0240569
8780,11641,1.0447999999999995,0.137715,0.0640753,0.012965
4730,11642,0.5612699999999999,0.0327984,0.04308387,0.0141366
10187,11643,0.16854999999999976,0.0578014,0.06503500000000001,0.011892
58935,11646,0.13632,-0.0758717,0.05165758,0.0155912
27387,11647,0.2026399999999997,-0.105127,0.0175967,0.0133303
8955,11650,0.30506999999999973,0.0326794,0.04313678,0.0134557
29456,11655,0.2432599999999998,-0.0285229,0.049059830000000006,0.0166886
12296,11667,0.15120999999999984,-0.0551504,0.0323025,0.0164679
14367,11668,0.16325999999999974,0.0313207,0.0293424,0.0127978
17795,11678,0.12193999999999994,-0.14998,0.050796767,0.0144647
16739,11679,0.15508999999999995,-0.157202,0.041097770000000006,0.0101117
17797,11680,0.2572399999999999,-0.0939026,0.05474073,0.0155361
20834,11681,0.22062999999999988,0.0210921,0.04821728,0.0119928
9041,11682,0.36721000000000004,0.0424097,0.0349038,0.0137225
15556,11684,0.4724999999999997,0.0765434,0.05169296,0.0126052
7898,11685,0.5097399999999999,0.00701681,0.0616842,0.0101117
17927,11692,0.12766999999999973,-0.124932,0.027638600000000003,0.0130811
11024,11698,0.23434,0.137205,0.05669996,0.0160381
5830,11701,0.23177999999999965,0.0548787,0.05607899,0.0244737
10055,11704,0.17913999999999985,0.0988842,0.04784451,0.0133396
8866,11716,0.3495299999999997,-0.00430906,0.0405875,0.0127314
14538,11731,0.4107599999999998,-0.130511,0.0438744,0.014466
6049,11759,0.17415000000000003,-0.0677532,0.024871700000000004,0.0107677
14543,11761,0.18208000000000002,0.077159,0.060763300000000006,0.0121312
18813,11762,0.18535999999999975,0.154724,0.037222700000000004,0.0147701
56781,11765,0.12731000000000003,-0.0602683,0.012986300000000006,0.0130403
57836,11773,0.15845999999999982,-0.119525,0.015008800000000003,0.0150788
22067,11776,0.16735999999999995,0.0857758,0.0324063,0.0101117
20965,11782,0.1955199999999997,0.0166011,0.036798500000000005,0.0144644
19955,11784,0.17818999999999985,0.0141827,0.012050400000000003,0.0121027
23123,11787,0.11931999999999965,0.0148845,0.032803200000000005,0.0135594
10011,11788,0.21622999999999992,0.0576315,0.0172724,0.0136093
23120,11813,0.17554999999999987,-0.0933155,0.0162302,0.0162826
16611,11819,0.13101999999999991,0.0586754,0.012047700000000001,0.0121027
9967,11834,0.3192499999999998,0.0502364,0.0345477,0.0107162
18811,11835,0.19177,0.0816201,0.029544300000000003,0.01484
12256,11836,0.5280399999999998,0.0673789,0.046979240000000005,0.0120688
27346,11837,0.39722999999999997,0.100297,0.040852650000000004,0.031781
47369,11862,0.40971999999999964,0.154976,0.04285284,0.0177435
44201,11863,0.3138899999999998,0.151013,0.028926000000000004,0.0118914
51545,11871,0.24570999999999987,-0.100693,0.012819900000000002,0.0128717
41999,11885,0.24723999999999968,0.0588114,0.017365600000000002,0.0174496
48376,11892,0.21321999999999974,-0.0455275,0.012613400000000004,0.0126778
49430,11893,0.23154999999999992,-0.123013,0.012179500000000003,0.0122289
49480,11895,0.20933999999999964,0.154703,0.016742200000000006,0.01679
52556,11897,0.18845,-0.0711492,0.010069400000000006,0.0101117
52598,11899,0.18942999999999977,-0.157619,0.010922000000000001,0.0109647
53610,11900,0.22380999999999984,-0.0863472,0.013289600000000006,0.0133419
57882,11910,0.20801999999999987,-0.014519,0.014106400000000005,0.0141623
48424,11927,0.22147000000000006,0.0231284,0.018128200000000004,0.0181974
38957,11938,0.2213099999999999,-0.157731,0.010073100000000001,0.0101117
50535,11939,0.19747999999999966,0.0967325,0.010070200000000001,0.0101117
41071,11941,0.24543999999999988,-0.0681041,0.010336900000000003,0.010381
43096,11965,0.25351999999999997,-0.0486931,0.010622400000000004,0.0106636
55729,11972,0.2558699999999998,0.149356,0.011245900000000003,0.011292
58893,11978,0.27659999999999973,-0.0282199,0.014403600000000003,0.0144634
41029,11998,0.17677999999999994,-0.0447816,0.014530000000000001,0.0145847
41076,11999,0.22592999999999996,0.0908444,0.022093,0.0213571
54626,12000,0.1769099999999999,0.0683523,0.011735700000000002,0.0117836
19911,12001,0.4318299999999997,0.132087,0.04528351,0.0120348
17667,12013,0.5617199999999998,0.0646722,0.039481100000000005,0.0116488
10185,12021,1.0002699999999995,-0.0472632,0.0351705,0.0101117
13439,12030,0.35616000000000003,-0.119401,0.047512940000000004,0.011468
28401,12031,0.26222999999999974,0.0303123,0.0379574,0.0120043
30514,12032,0.4755099999999999,0.0505565,0.046604410000000006,0.0140781
53660,12033,0.16324000000000005,0.111386,0.014551100000000004,0.0146102
19825,12034,0.34777999999999976,0.130219,0.0249644,0.0150062
55774,12035,0.14902999999999977,0.146497,0.011589100000000005,0.0116483
36802,12074,0.2873899999999998,-0.126077,0.036242300000000005,0.0120311
22063,12075,0.3452599999999997,-0.0600299,0.0376302,0.0129793
31564,12102,0.2962699999999998,-0.150171,0.0382821,0.0137526
11285,12103,0.3008799999999998,-0.0296918,0.0322872,0.0127863
35749,12104,0.24567000000000005,-0.0130627,0.018027,0.0181072
12342,12105,0.41215999999999964,-0.0288095,0.042578700000000004,0.0199881
31571,12106,0.2834599999999998,0.0362099,0.0335229,0.0104827
7854,12119,0.53125,-0.0237249,0.058126290000000004,0.0187001
7852,12120,0.6913899999999997,-0.0528326,0.057319980000000006,0.0128902
9880,12121,0.6191899999999997,-0.000858298,0.056567580000000006,0.0161041
9837,12122,0.86301,0.123671,0.05394183,0.0242173
38963,12130,0.2694099999999997,0.0528252,0.0374361,0.0116523
37861,12146,0.29007999999999967,-0.0625478,0.0323881,0.0127881
57881,12147,0.23435000000000006,-0.144999,0.024490400000000002,0.0131534
57838,12148,0.17792999999999992,-0.013634,0.015966600000000004,0.0160204
38920,12149,0.21955999999999998,0.125262,0.0144448,0.014509
54759,12150,0.18703000000000003,0.121065,0.011264800000000005,0.0113044
51544,12173,0.16298999999999975,-0.154047,0.016173400000000004,0.0162489
24176,12174,0.30823,-0.08869,0.0329637,0.0101117
51633,12175,0.33149000000000006,-0.0312187,0.046994940000000006,0.0203292
35792,12176,0.2898099999999997,-0.0893545,0.053371,0.0174165
51630,12201,0.26968999999999976,-0.1394,0.031192000000000004,0.0107129
26288,12204,0.20633999999999997,-0.136482,0.016669500000000004,0.0167327
15687,12205,0.4094899999999999,0.0563577,0.04072829,0.0120085
31568,12214,0.31887,-0.137139,0.041900660000000006,0.0126146
16699,12234,0.37939999999999996,0.0232792,0.042151,0.0101117
53705,12235,0.23039999999999994,0.112913,0.04539056,0.0110705
10232,12236,0.4786299999999999,0.122267,0.033910300000000004,0.014225
10050,12261,0.7898000000000001,-0.137824,0.05438047,0.0162987
20919,12262,0.3245,-0.1069,0.04858566,0.0188962
21008,12263,0.49900999999999973,-0.0586907,0.055508730000000006,0.0173202
22110,12264,0.2801199999999997,0.0193932,0.05508475,0.0150767
10936,12265,0.5301899999999997,0.0470799,0.05899903,0.0116351
17622,12266,0.28718999999999983,0.0462892,0.056690540000000005,0.0128097
54804,12269,0.2455799999999999,0.139987,0.027483600000000004,0.0101117
29453,12292,0.22958999999999996,-0.142506,0.049039642,0.012001
42173,12293,0.27108,-0.0755374,0.0323736,0.0102514
11328,12294,0.29834999999999967,-0.115529,0.05998155,0.0109259
12165,12295,0.29800999999999966,-0.0474742,0.05471864,0.015321
6752,12325,0.5478399999999999,-0.0510796,0.050025729600000006,0.0143306
42131,12337,0.37250000000000005,0.125031,0.01294,0.0129969
55809,12340,0.44503999999999966,-0.130299,0.027448900000000002,0.0124306
52558,12341,0.3872199999999997,-0.0478898,0.0414112,0.0114735
52641,12346,0.3629699999999998,-0.157352,0.016930300000000002,0.0170092
47365,12362,0.31560999999999995,-0.0124778,0.029066300000000003,0.0101117
35752,12365,0.32685999999999993,0.0970816,0.015577,0.0156421
43055,12370,0.33329999999999993,0.00442268,0.017090100000000004,0.0171475
48374,12379,0.3073299999999999,-0.156252,0.013779800000000002,0.0138347
49388,12380,0.32699999999999996,-0.0500423,0.0148077,0.0148777
49435,12382,0.3093499999999998,-0.0219519,0.011111800000000005,0.0111578
52559,12391,0.3076399999999997,0.0207473,0.021290000000000003,0.0115985
53611,12398,0.3627699999999998,-0.0824156,0.020611400000000002,0.0146634
55771,12403,0.3103799999999999,0.061418,0.012933,0.0129791
56829,12405,0.29259999999999975,0.152864,0.014090200000000004,0.0141531
57839,12406,0.2908200000000001,0.0388604,0.012202500000000005,0.0122442
44155,12421,0.3070599999999999,-0.000836343,0.010091700000000002,0.0101303
59996,12422,0.29720999999999975,0.0849033,0.012896700000000004,0.0129549
43185,12424,0.31792,-0.126498,0.013350500000000001,0.0134013
46308,12427,0.3188599999999999,-0.099106,0.0139798,0.0140393
52600,12431,0.30281999999999965,-0.0790282,0.011734600000000005,0.0117799
52604,12438,0.3186199999999997,0.126737,0.017821200000000002,0.0152457
48329,12450,0.3331599999999999,-0.159495,0.0122204,0.0122609
37864,12465,0.33943999999999974,0.0627058,0.0149725,0.0150322
52555,12471,0.3462099999999997,-0.0978591,0.010231300000000006,0.0102744
57925,12479,0.35417999999999994,-0.0569628,0.013184400000000006,0.013243
55728,12485,0.32403000000000004,0.0384819,0.013673400000000002,0.0137399
13043,12490,1.0173999999999994,-0.104064,0.041847100000000005,0.0133028
11197,12491,0.7969299999999997,-0.0259725,0.05680232,0.0138549
17709,12508,0.42106999999999983,-0.115069,0.0192836,0.0125053
26290,12509,0.4397199999999999,-0.0335962,0.031546000000000005,0.0101117
46354,12510,0.31674999999999986,0.0102392,0.040355260000000004,0.0120183
43145,12511,0.5160999999999998,0.121943,0.05685524,0.0225486
58891,12540,0.34075999999999995,-0.143982,0.0313292,0.0126755
16740,12543,0.3329399999999998,-0.07882,0.021132400000000003,0.0116868
19950,12544,0.3710800000000001,-0.113118,0.0143864,0.0144402
24092,12545,0.4846999999999997,0.0263056,0.066124,0.013527
35842,12546,0.44011999999999984,0.151793,0.031125600000000003,0.0136301
15644,12559,0.6663299999999999,0.0283728,0.050115535,0.0121177
19949,12576,0.3447999999999998,-0.115554,0.028882,0.0107133
54667,12577,0.28923999999999994,-0.134028,0.012457100000000006,0.0125023
39974,12578,0.31738,-0.0655737,0.0390372,0.0155059
28354,12579,0.48347000000000007,-0.106965,0.04151863,0.0101117
11064,12580,0.7909299999999999,0.00917644,0.054670540000000004,0.0157328
16609,12612,0.3600599999999998,-0.13079,0.028718600000000004,0.01087
11107,12613,0.7723599999999999,-0.0610365,0.05914013,0.0167051
12429,12614,0.4063399999999997,-0.0674209,0.031084000000000004,0.0177767
43144,12615,0.45657999999999976,0.108828,0.046371840000000004,0.0144741
47279,12616,0.27908,0.00611367,0.0204339,0.0205205
50493,12617,0.25547999999999993,0.0850294,0.0107924,0.0108362
15555,12618,0.4767699999999997,0.025339,0.04238335,0.011551
23036,12619,0.41764,0.0182585,0.049242592,0.0279059
14456,12620,0.6019299999999999,0.138296,0.059322110000000004,0.0121592
4288,12642,0.21833999999999998,-0.0958967,0.039918100000000005,0.0155008
46261,12651,0.43511999999999995,-0.148839,0.04650129,0.0135339
58895,12657,0.3634299999999997,-0.0369565,0.031708,0.0155858
59868,12658,0.2753399999999999,0.0915535,0.010069000000000002,0.0101117
46223,12659,0.2793099999999997,0.0634638,0.015023000000000002,0.0150857
16563,12669,0.4640299999999997,-0.147543,0.050756967,0.0135158
38915,12671,0.34399999999999986,-0.0948654,0.030843000000000002,0.0101117
45208,12672,0.26632999999999996,-0.0857966,0.012548000000000004,0.0125918
26377,12673,0.4008499999999997,-0.0998003,0.044804630000000005,0.0178534
46179,12674,0.25219999999999976,0.0247135,0.012976400000000006,0.0130307
54582,12675,0.27339999999999964,0.122123,0.023179200000000004,0.0232562
33678,12693,0.47331999999999974,-0.0578146,0.04325802,0.0111794
44152,12694,0.43059999999999965,-0.0917309,0.010322400000000002,0.0103739
49476,12695,0.28778999999999977,-0.105222,0.0165866,0.0166593
48462,12715,0.34606000000000003,-0.131527,0.011397200000000003,0.0114347
13396,12716,0.42421,-0.0951407,0.029469500000000003,0.0101117
29412,12717,0.4813700000000001,-0.00191103,0.0551595,0.0169598
58850,12718,0.29838999999999993,-0.0420912,0.011513000000000002,0.0115553
18679,12719,0.43472,0.0517001,0.04342153,0.0101117
46312,12730,0.39647999999999994,0.140569,0.015701100000000003,0.0157527
29459,12733,0.55036,0.0922477,0.056368270000000005,0.0226688
50531,12749,0.5132099999999999,-0.111047,0.030814900000000003,0.0110002
17796,12753,0.5107200000000001,-0.0826904,0.0356449,0.0123585
22020,12754,0.49072000000000005,-0.0631001,0.029761300000000004,0.0101117
19823,12755,0.6349999999999998,-0.0459573,0.0342828,0.013626
31570,12756,0.5325799999999998,0.0254485,0.042812600000000006,0.0155074
12206,12761,0.5050299999999996,-0.102377,0.05437025,0.0154264
44241,12778,0.5484299999999998,-0.154098,0.048081940000000004,0.0271925
27388,12780,0.5614499999999998,-0.0253663,0.0406657,0.0162585
28270,12781,0.38993999999999973,0.0366085,0.030818,0.0101117
33640,12782,0.3782099999999997,0.073548,0.011090200000000001,0.0111324
47323,12783,0.42044999999999977,0.0659654,0.0163492,0.0164145
15640,12797,0.5349499999999998,-0.0734498,0.038929500000000006,0.0137996
22022,12798,0.47174000000000005,-0.0322439,0.049497636000000005,0.0152137
52649,12802,0.5145299999999997,0.0855403,0.0352774,0.0134423
45211,12803,0.37596000000000007,0.00942858,0.016403600000000004,0.0164661
48423,12804,0.5005999999999999,0.158429,0.043450390000000005,0.0193296
42044,12835,0.5237499999999997,0.0692908,0.0157372,0.0136184
38918,12851,0.4539399999999998,0.0510685,0.020071300000000004,0.0201653
50492,12866,0.4305300000000001,0.12652,0.016890800000000004,0.0169544
54669,12872,0.4601899999999999,-0.112575,0.013491900000000001,0.013541
54717,12873,0.4202499999999998,0.157555,0.013507100000000001,0.0135778
57790,12879,0.4016599999999997,-0.103013,0.011576700000000002,0.0116251
59907,12880,0.39860000000000007,-0.0394425,0.0136538,0.0137076
57795,12882,0.4049799999999997,0.0407375,0.013308900000000005,0.0133598
56695,12884,0.4035599999999997,0.0142194,0.0118872,0.0119324
56784,12900,0.48165999999999976,0.0291235,0.016139900000000006,0.0154389
48335,12917,0.4297299999999997,-0.0265592,0.012492900000000001,0.012546
30510,12929,0.48160999999999987,-0.130586,0.0386309,0.0137782
43098,12930,0.5270199999999998,-0.0174986,0.029534400000000002,0.0105172
38960,12931,0.38295999999999975,-0.0920934,0.010069300000000003,0.0101117
51591,12932,0.5899299999999998,0.046843,0.037930000000000005,0.0126013
38919,12933,0.45743,0.0163588,0.0122093,0.0122672
42088,12934,0.5398000000000001,0.154225,0.061832200000000004,0.0178385
24132,12948,0.45821999999999985,-0.13587,0.0100641,0.0101117
18809,12952,0.41771999999999965,-0.0531386,0.0100605,0.0101117
51498,12965,0.44494999999999996,-0.159594,0.018230500000000004,0.0183051
58852,12971,0.4511599999999998,0.110208,0.010179400000000005,0.0102169
59822,12983,0.4610099999999999,0.134021,0.014485900000000003,0.0145539
59953,12999,0.44001,0.0890737,0.013922000000000004,0.013985
52603,13004,0.41513,-0.00443363,0.010073500000000006,0.0101117
11155,13011,0.6146199999999999,0.0513073,0.05880133,0.0134734
9879,13014,0.62296,0.0277786,0.037375700000000005,0.0141113
51504,13015,0.4384899999999998,-0.00238452,0.019270400000000003,0.0140743
12298,13016,0.5132999999999996,-0.0390952,0.0335569,0.0154235
19692,13019,0.4306099999999997,0.0255723,0.012097000000000004,0.0121567
35797,13020,0.4888699999999999,0.0981829,0.046815840000000004,0.0149933
44199,13021,0.35128000000000004,0.0305593,0.0146265,0.0146856
45256,13022,0.5011399999999999,0.0705787,0.05880722,0.0175274
8998,13034,0.6434099999999998,0.0200884,0.05534505,0.0128451
37862,13046,0.50054,0.0179587,0.04352033,0.0130263
19952,13047,0.44361000000000006,-0.0982162,0.024728000000000003,0.0101117
13310,13048,0.7137899999999999,-0.0372376,0.041447910000000004,0.0187001
19778,13050,0.5092699999999999,0.0436188,0.04442066,0.0141217
40062,13051,0.61069,0.0826441,0.022038900000000004,0.0101117
47322,13103,0.4920399999999998,-0.0202381,0.03401320000000001,0.0130264
33635,13104,0.38253999999999966,-0.0606916,0.012898400000000004,0.0129589
48378,13105,0.36346999999999996,-0.0164371,0.012498300000000004,0.0125466
45255,13106,0.34838999999999976,0.110036,0.010068100000000003,0.0101117
17754,13107,0.5193999999999996,0.000522064,0.042052410000000005,0.0127314
9043,13108,0.7197199999999997,0.0603363,0.044622020000000005,0.0166166
38876,13110,0.5277399999999997,0.145838,0.0352977,0.0117119
41027,13128,0.47236999999999973,-0.0900206,0.0121017,0.012156
10271,13132,0.12893,-0.106026,0.049118325000000004,0.0155939
7020,13133,0.1443399999999997,0.119741,0.028101100000000004,0.0101117
5480,13135,0.42490000000000006,0.0681746,0.05800524,0.0140066
58892,13137,0.4789699999999999,-0.0419434,0.0171303,0.0172157
33682,13151,0.64114,0.0471724,0.049255417,0.015039
20963,13155,0.61483,-0.129325,0.04241031000000001,0.0151604
59904,13156,0.48997999999999964,-0.112069,0.016344000000000004,0.0164138
21010,13157,0.5782799999999999,-0.00201884,0.0368155,0.0128097
6883,13181,0.15539999999999976,-0.0973603,0.060245400000000005,0.0144323
24221,13182,0.2659499999999997,-0.0158054,0.0379829,0.0105013
52644,13202,0.5743099999999997,-0.0993725,0.0186413,0.0128555
59945,13205,0.56603,-0.0823312,0.044181380000000006,0.0189777
51501,13206,0.47798000000000007,-0.0683055,0.010076100000000004,0.0101117
41031,13207,0.6890700000000001,0.0457826,0.04316376,0.0173778
32627,13208,0.61876,0.129742,0.0397652,0.0150474
28404,13209,0.6654499999999999,0.134757,0.05364478,0.0134794
13348,13223,1.0022000000000002,-0.153212,0.060198800000000004,0.0102423
28447,13224,0.1282399999999999,0.0812989,0.043495360000000004,0.0113878
13270,13234,0.5738499999999997,0.152019,0.057094790000000006,0.0166333
16564,13243,0.57823,-0.0514817,0.0367004,0.0150679
23121,13244,0.6055699999999997,-0.0614466,0.030579400000000003,0.0147011
11241,13245,0.8425899999999995,-0.0877632,0.038777000000000006,0.0178123
33638,13246,0.5435300000000001,0.00089184,0.04126744,0.0114435
51590,13247,0.5688299999999997,0.109055,0.013519800000000005,0.0135674
59821,13248,0.49685999999999986,0.104129,0.016688100000000004,0.0167556
35794,13263,0.5532599999999999,-0.0291886,0.012689600000000002,0.0127369
44200,13265,0.6367799999999999,0.0771875,0.047489220000000006,0.015379
34741,13267,0.5958199999999998,0.148674,0.018699300000000002,0.0187784
44198,13281,0.6574299999999997,0.00914573,0.036580800000000004,0.0130419
54754,13283,0.5566,-0.159677,0.010120300000000006,0.0101732
34740,13289,0.5328399999999998,0.0904404,0.010070100000000005,0.0101117
30469,13305,0.64581,-0.0123484,0.04828331,0.0140753
54672,13306,0.49038000000000004,0.0680701,0.020012800000000004,0.020079
51502,13307,0.4705999999999997,-0.00907163,0.016682100000000005,0.0167488
23078,13309,0.6303099999999997,-0.0802277,0.0392218,0.0154354
36803,13314,0.8006699999999998,-0.0658423,0.05165393,0.0129972
36852,13315,0.5238899999999997,0.104511,0.023021700000000003,0.0110283
50494,13322,0.5421399999999998,0.127188,0.017674100000000005,0.0177466
55724,13333,0.51417,-0.137133,0.018025600000000003,0.0180982
39927,13338,0.6978399999999998,-0.108066,0.049937107300000005,0.0203914
47319,13345,0.54813,-0.102788,0.013934800000000004,0.013996
58896,13348,0.5016799999999999,0.129692,0.0100723,0.0101117
59909,13358,0.55721,0.0811893,0.0167589,0.0168194
59863,13368,0.5019100000000001,0.00370058,0.017042300000000003,0.0171052
54623,13369,0.5098599999999998,-0.0878842,0.011915300000000004,0.0119722
53699,13392,0.5669299999999997,-0.135739,0.014943600000000001,0.015007
35750,13393,0.50956,0.03984,0.0144699,0.0145345
47281,13402,0.5571999999999999,0.15861,0.0130819,0.0131154
56780,13407,0.5097499999999999,-0.0616381,0.014376200000000006,0.0144236
59905,13429,0.5307199999999996,-0.00216154,0.012609200000000001,0.0126539
49389,13431,0.5381899999999997,-0.0587629,0.014136500000000003,0.0141889
56783,13433,0.5579199999999997,0.0103918,0.017712000000000006,0.0177752
50448,13434,0.53851,0.0361814,0.014617000000000005,0.0146802
55727,13440,0.5680099999999997,0.0482261,0.016925000000000003,0.0170062
46265,13451,0.5672799999999998,-0.0488937,0.011456800000000003,0.0114982
12036,13465,1.0426399999999996,0.0690034,0.05701963,0.0121567
12300,13466,0.73475,0.142752,0.013522000000000006,0.0118402
8473,13467,0.47300999999999993,0.0811893,0.0788573,0.0149866
14230,13468,0.8544099999999997,-0.138441,0.05467943,0.0106459
13175,13470,0.8533599999999995,-0.159351,0.0708911,0.0158567
5434,13473,0.2038599999999997,-0.0451998,0.050237380000000005,0.0261427
4993,13474,0.19426999999999994,-0.0861816,0.04807351,0.0117319
9529,13475,0.44096,0.145571,0.0662099,0.0145052
5699,13478,0.4514899999999997,0.0420053,0.05660005,0.0133396
11286,13491,0.19691999999999998,0.00235069,0.0605979,0.0133385
6756,13497,0.19713999999999965,0.0591919,0.06748660000000001,0.0122854
10053,13510,0.7880199999999999,-0.0448434,0.0342505,0.0169008
6664,13531,0.9005399999999995,-0.0424419,0.05667776,0.0115679
10096,13532,0.8721399999999999,-0.0915006,0.055790070000000004,0.0165215
14277,13533,0.7436799999999999,-0.0432029,0.045668560000000004,0.0121007
12168,13534,0.8821699999999995,0.148208,0.0683359,0.0101117
10145,13537,0.6257699999999997,0.157602,0.044605160000000005,0.0141155
11154,13551,0.9448999999999996,-0.00125523,0.047896060000000004,0.0127034
8950,13573,0.9685100000000002,-0.0981344,0.056268530000000004,0.0173417
23079,13598,0.7121599999999999,0.0233439,0.05575049,0.0169481
17711,13601,0.7149299999999998,0.0904154,0.04303242,0.0139154
47411,13602,0.57938,0.119331,0.045444960000000006,0.018549
59952,13604,0.53058,0.158786,0.013479900000000003,0.0135389
17840,13615,0.56026,-0.111232,0.035141200000000004,0.0118788
39970,13623,0.4733799999999997,-0.154474,0.011371100000000002,0.0114114
17753,13663,0.7505799999999998,-0.138523,0.049355526000000004,0.0192764
39973,13664,0.6792699999999998,-0.0295123,0.056249530000000006,0.0134437
43142,13665,0.6842899999999998,-0.0432955,0.035415100000000005,0.0120566
50488,13666,0.5611299999999999,-0.0739901,0.0133297,0.0133824
12251,13667,0.7563399999999998,-0.102406,0.026818800000000004,0.0163736
16610,13668,0.6972700000000001,-0.0110605,0.049341666000000006,0.0132717
28403,13669,0.6122000000000001,0.0574114,0.0337745,0.0124243
13356,13670,0.8314399999999997,0.114814,0.030812700000000002,0.0159457
21009,13687,0.6805300000000001,-0.0517237,0.012214600000000006,0.0122615
58808,13702,0.5823199999999997,0.0741991,0.010070800000000005,0.0101117
55725,13705,0.6550099999999999,-0.0307963,0.011709500000000005,0.0117578
12120,13710,0.9000699999999995,-0.0837857,0.05710929,0.0125158
8865,13711,0.9719499999999996,-0.0457094,0.04273094,0.0192764
22899,13715,0.6699899999999999,-0.0778665,0.010078200000000002,0.0101117
29414,13725,0.7060999999999997,0.0287647,0.029978,0.0101117
33727,13726,0.6499999999999999,0.0999235,0.016700800000000002,0.0167655
53613,13750,0.6318099999999998,-0.0647331,0.014096500000000005,0.0141551
51503,13756,0.5806899999999997,0.0249894,0.010263600000000005,0.0103154
59906,13757,0.6099600000000001,0.00371297,0.0162683,0.0163486
59819,13760,0.64148,-0.00623468,0.016700700000000006,0.0167538
56735,13761,0.6806899999999998,-0.12033,0.0156996,0.0157536
59864,13764,0.6074899999999999,0.0380279,0.014958900000000004,0.0150209
55639,13766,0.6237699999999999,0.0660113,0.012908100000000006,0.0129656
9087,13775,0.14473000000000003,0.00262258,0.059725850000000004,0.0196675
57880,13779,0.6213599999999997,-0.15389,0.019212700000000003,0.0192861
51589,13791,0.69082,-0.0181778,0.018759800000000004,0.0188152
30467,13794,0.62154,-0.120146,0.014731000000000001,0.0147921
59910,13812,0.6474199999999999,0.070127,0.0110868,0.0111291
53612,13819,0.6355499999999998,-0.0409451,0.010219100000000002,0.0102615
57840,13820,0.6661299999999999,0.122385,0.011374800000000004,0.0114253
45166,13828,0.66839,0.00110102,0.011613600000000002,0.0116536
46262,13833,0.6509999999999998,-0.143298,0.012810100000000005,0.0128623
51459,13848,0.6324999999999998,0.0211905,0.012408200000000001,0.0124512
53568,13855,0.5932899999999997,-0.124241,0.013738200000000006,0.0137933
34691,13858,0.81081,-0.15844,0.083924,0.0159309
12384,13859,0.7753699999999997,-0.0208459,0.042699600000000004,0.0115507
20922,13860,0.7217899999999999,-0.00197433,0.039413000000000004,0.0147193
21979,13863,0.7918699999999999,0.0667154,0.0281149,0.0129122
32625,13864,0.6819299999999999,0.0177944,0.033306,0.0131583
29461,13865,0.6697299999999999,0.11897,0.03427330000000001,0.0119005
56742,13868,0.5676799999999997,0.13741,0.010630300000000002,0.0106811
5432,13870,0.5355099999999999,-0.102285,0.04126822,0.0151636
30465,13896,0.8632599999999995,-0.156887,0.044976300000000004,0.0120206
19819,13898,0.6492100000000001,-0.120524,0.0104859,0.0101117
25189,13900,0.6494199999999997,-0.0941672,0.016985800000000002,0.0170507
52601,13901,0.6185099999999997,-0.0255841,0.012552600000000004,0.0126027
22947,13903,0.6888999999999998,0.074936,0.0260153,0.0113367
9833,13910,0.1831999999999998,-0.0164435,0.05789086,0.0101117
56779,13931,0.6119699999999999,-0.0865276,0.015315800000000004,0.0153774
20925,13933,0.65395,0.155791,0.0160478,0.0161096
39972,13940,0.6867299999999998,-0.0929084,0.012481200000000005,0.0125456
42130,13941,0.6986399999999997,-0.0738849,0.040303210000000006,0.0151664
54716,13943,0.6469399999999998,0.131375,0.0324194,0.0141393
25236,13944,0.6215099999999998,0.138724,0.010076000000000002,0.0101117
3498,13960,0.4291199999999997,-0.018053,0.0694244,0.0135773
35747,13968,0.6668099999999999,-0.138615,0.0318613,0.0123621
58890,13971,0.5813899999999999,-0.0259948,0.015682800000000004,0.0157523
42087,13973,0.7414999999999998,0.0192654,0.04460489,0.0147379
17668,13975,0.6258499999999998,0.0954314,0.030891500000000002,0.0116351
40019,13976,0.6644999999999999,0.0710041,0.035909,0.0153209
16655,13978,0.8790399999999998,0.154123,0.034000100000000005,0.0130041
36807,13989,0.6598299999999999,0.0393141,0.020276900000000004,0.0203558
15422,13990,0.8498399999999995,0.0544489,0.05970886,0.0101117
37859,14015,0.8901300000000001,-0.14315,0.04145671,0.0127732
53614,14016,0.6049799999999999,-0.0448531,0.010974600000000001,0.0110178
37865,14018,0.6025999999999998,0.109748,0.0183544,0.0184397
15424,14019,0.78606,0.0834331,0.05796806,0.0157969
16612,14020,0.7625799999999998,0.151094,0.0317625,0.0101117
3364,14024,0.32179,-0.0541563,0.070993,0.0142875
36761,14053,0.79657,-0.010764,0.0341595,0.0134537
50489,14054,0.7203599999999999,-0.0686845,0.017255700000000006,0.0169631
35883,14061,0.24505,-0.00492378,0.06742480000000001,0.0132957
19782,14075,0.7829099999999998,0.138581,0.043868870000000004,0.0160074
27255,14078,0.8083199999999997,-0.100282,0.0171402,0.0172035
36809,14080,0.7947699999999998,0.105848,0.029023300000000002,0.0218704
52646,14081,0.8130699999999997,0.0194958,0.0377192,0.0140314
32583,14082,0.71651,0.0390756,0.0112284,0.0112788
3672,14100,0.9926399999999997,-0.134664,0.084886,0.0119237
7768,14107,0.43127000000000004,0.0917712,0.0671698,0.0121177
4289,14132,0.24373999999999985,-0.0647749,0.0711633,0.0112729
4507,14135,0.5128299999999997,-0.12821,0.04724438,0.0125095
49477,14158,0.8769400000000003,-0.0579494,0.0440919,0.0193732
26246,14161,0.8270999999999997,0.0711461,0.044970590000000005,0.0217373
19910,14162,0.8445999999999998,-0.014499,0.04200326,0.0113525
21975,14168,0.7962799999999999,-0.158663,0.028363500000000003,0.0116092
12169,14171,0.9361600000000001,0.153111,0.0638361,0.0114411
20969,14172,0.7521,0.125617,0.037545300000000004,0.0180619
55773,14173,0.6934899999999997,0.137435,0.0209427,0.021037
40984,14182,0.8247,-0.0323376,0.047845040000000005,0.0160414
12698,14185,0.2662499999999999,0.139623,0.05754726,0.0160074
7638,14198,0.64046,0.144084,0.0685748,0.0171135
7765,14213,0.6363499999999997,-0.104806,0.04883771,0.0116663
47363,14215,0.8083499999999999,-0.124468,0.035647200000000004,0.0132763
23032,14216,0.8325299999999998,-0.137776,0.04147031,0.0149441
17752,14217,0.8487200000000001,-0.117004,0.033877000000000004,0.0124961
27301,14218,0.7107600000000001,-0.0941067,0.024700700000000003,0.0112467
13485,14219,0.9525199999999998,-0.0707216,0.05432696,0.0144861
40988,14221,0.6880999999999999,0.0102629,0.010136100000000002,0.0101884
20966,14223,0.8189599999999997,-0.0028791,0.05489717,0.0148065
19821,14234,0.7635399999999999,-0.0734802,0.0154814,0.0155482
57791,14260,0.72363,-0.1091,0.012146800000000006,0.012204
58847,14266,0.7352799999999999,-0.1353,0.016803200000000004,0.0168752
56697,14274,0.7755399999999999,0.132566,0.014209,0.0142663
58809,14275,0.7343599999999997,0.117767,0.0131142,0.0131743
53655,14291,0.73732,-0.0902206,0.011118900000000001,0.0111636
58851,14292,0.7304599999999999,0.0160631,0.0160343,0.0160901
59778,14293,0.7118199999999999,0.0680707,0.0149848,0.0150467
48331,14299,0.7048299999999998,-0.140694,0.025998500000000004,0.0154167
53618,14306,0.7649599999999999,0.15868,0.011566900000000005,0.0116117
47324,14309,0.76613,0.05628,0.0164189,0.0164871
35795,14310,0.7416299999999998,0.0762397,0.010927000000000006,0.0109695
48381,14314,0.7266299999999997,0.0937328,0.0120725,0.0121219
59866,14317,0.7823199999999999,0.0809624,0.011170800000000002,0.0112128
46266,14323,0.75407,-0.0283525,0.019599900000000003,0.0196776
49390,14332,0.7720899999999999,0.0115173,0.016650000000000005,0.0167154
57835,14355,0.7559,-0.151299,0.010069000000000002,0.0101117
57748,14359,0.7804499999999996,-0.109694,0.012549900000000003,0.0125979
14453,14366,1.0123999999999995,-0.0797076,0.0345761,0.0125053
18851,14367,0.7858499999999999,-0.0741732,0.0325709,0.0125896
49434,14368,0.6915100000000001,0.0328548,0.01278,0.0128447
25234,14370,0.74532,0.0462734,0.0369579,0.01362
35753,14371,0.7146599999999999,0.112638,0.0287564,0.0125293
55900,14389,0.75955,-0.00179719,0.04047932,0.0133514
50450,14396,0.8296699999999997,0.136398,0.012436000000000003,0.0124823
31572,14397,0.90069,0.0554676,0.0115262,0.0115798
35706,14427,0.8894799999999998,0.0369751,0.010083000000000002,0.0101117
37863,14431,0.8713800000000003,0.0358525,0.028024500000000004,0.0154102
39976,14432,0.9064499999999995,0.0802678,0.013973700000000006,0.0140189
54713,14445,0.8461999999999996,-0.0231306,0.015742100000000002,0.0158076
55723,14447,0.8503699999999998,-0.0802048,0.011511300000000002,0.0115628
53615,14451,0.8641300000000003,0.0633253,0.012776600000000006,0.0128313
53571,14465,0.8839699999999997,0.133404,0.015304200000000004,0.0153615
57793,14467,0.8416800000000002,-0.0545174,0.015873400000000003,0.0159361
58806,14473,0.8696099999999998,0.0178808,0.010037400000000002,0.0101117
56693,14474,0.8586499999999999,-0.124097,0.012284300000000005,0.0123294
50490,14493,0.8515600000000001,0.00738924,0.026401400000000002,0.0164551
43100,14504,0.8724299999999996,-0.0283536,0.011284200000000001,0.0113297
49431,14512,0.8650099999999998,-0.0657698,0.018323400000000004,0.0101117
14496,14526,1.0201799999999999,-0.0385371,0.029043600000000003,0.0124961
59779,14529,0.8933200000000001,0.159291,0.012305300000000005,0.0123494
14497,14538,0.87479,-0.0194853,0.04159708,0.0192764
58807,14541,0.8758999999999997,-0.00424522,0.013074500000000003,0.0131175
54579,14548,0.83615,-0.136573,0.013373800000000005,0.0134418
33683,14549,0.8502900000000002,0.0292151,0.05111041,0.0165741
32582,14550,0.8235699999999997,-0.00369211,0.026828100000000004,0.0136777
16742,14552,1.0672699999999997,0.0269761,0.049602954000000005,0.0157796
40991,14555,0.8500399999999999,0.15304,0.013829400000000006,0.0138868
38871,14589,0.8279999999999998,-0.117769,0.0249258,0.0101117
15598,14590,0.8810899999999995,0.0178339,0.0625058,0.0104744
18767,14591,0.9431199999999995,-0.0473792,0.04797284,0.0101117
12340,14609,0.9861300000000002,-0.0719546,0.0349194,0.0108817
16568,14610,1.0711399999999998,0.0530356,0.0327171,0.0155452
11113,14611,1.0230100000000002,0.150301,0.05207342,0.0121281
26286,14620,0.8688399999999996,-0.138129,0.031971700000000006,0.01109
31528,14621,0.80857,0.0756702,0.011966300000000006,0.0120119
49478,14657,0.8093999999999997,-0.139265,0.0134209,0.0134671
13309,14658,0.9010199999999999,-0.0366187,0.03330040000000001,0.0125502
56869,14659,0.9131,-0.0639758,0.0382692,0.0177851
19867,14660,1.03205,0.0462924,0.045917450000000005,0.0107162
18680,14673,0.8902799999999997,0.0360462,0.049900787,0.0135272
56740,14675,0.8760599999999998,0.0972992,0.0203708,0.0204782
25188,14707,0.8801699999999997,-0.086803,0.0146972,0.0147606
59862,14708,0.7998499999999997,-0.00743341,0.010573400000000004,0.0106218
45299,14709,0.91798,0.0131813,0.036022200000000004,0.0200926
20875,14732,0.8776599999999997,-0.136512,0.010426600000000001,0.0104724
20923,14733,0.94083,0.0391011,0.0432489,0.0152433
42086,14734,0.9024599999999996,0.0385127,0.029566300000000004,0.0103281
26247,14735,0.8474199999999996,0.0502875,0.026808300000000004,0.0126188
56778,14750,0.8852000000000002,-0.113879,0.0327287,0.0181941
20924,14751,0.9104000000000001,0.0626099,0.0387252,0.0166688
43097,14779,0.8134399999999999,-0.0308184,0.0168887,0.0169609
19735,14780,0.8829500000000001,0.0127198,0.0396976,0.0129951
51505,14781,0.8267599999999997,0.0926884,0.012888200000000002,0.0129382
50447,14782,0.7951599999999996,0.0375526,0.018062,0.0181322
51550,14784,0.90787,0.13843,0.049422836000000005,0.0232827
14539,14810,0.9360400000000002,-0.129004,0.04400093,0.0195883
15552,14815,0.9201699999999997,-0.0970413,0.0414987,0.0162147
20876,14816,0.9406600000000003,-0.0622602,0.0345317,0.0101117
29411,14817,0.9134199999999995,-0.118576,0.025877400000000002,0.0112582
59818,14818,0.81006,-0.0650238,0.0173822,0.0174512
14368,14819,0.8967700000000001,0.0993433,0.05205089,0.0174753
24135,14820,1.0469,0.0963611,0.042126210000000004,0.0123291
48336,14821,0.8659400000000002,0.0690043,0.043106250000000006,0.0172456
22062,14864,1.0233099999999995,-0.159269,0.049415258000000004,0.0142433
15553,14865,1.0632399999999995,-0.0901259,0.058558540000000006,0.012093
19908,14866,0.99125,-0.0973108,0.033240900000000004,0.0150679
52557,14868,0.9254899999999999,-0.0347498,0.04015598,0.0129619
15643,14871,1.1123599999999998,0.100409,0.0229576,0.0138772
56696,14872,0.9203099999999997,0.107361,0.032051300000000005,0.0144661
12124,14874,0.9436099999999996,0.136803,0.04792602,0.0125556
21013,14899,1.10921,0.0893533,0.0693297,0.0176642
24088,14916,0.9493499999999999,-0.131015,0.013620800000000002,0.0136801
25103,14936,0.9642900000000001,0.104642,0.0324309,0.0144536
49345,14965,0.9473000000000003,-0.0169334,0.013591600000000002,0.0136379
53522,14978,0.9731399999999999,-0.158194,0.018131100000000004,0.0182043
57707,14980,0.9796199999999997,-0.000437183,0.019557,0.0196402
56738,14990,0.95669,0.0494955,0.018742,0.0157739
59736,14991,0.9609399999999999,0.133121,0.017033,0.0171
48422,14996,0.95486,-0.0647152,0.014513700000000004,0.0145735
43101,15006,0.9421900000000001,0.103015,0.014124000000000005,0.0141861
34694,15009,0.9788800000000002,-0.0782453,0.013009300000000001,0.0130643
39928,15035,0.9741400000000002,-0.119505,0.013622500000000003,0.013679
51456,15036,0.9915599999999998,-0.136742,0.010954500000000006,0.0109933
57750,15037,0.9697800000000001,0.0289482,0.010070500000000003,0.0101117
56651,15038,0.9905799999999996,0.0592086,0.015026600000000001,0.0150838
56691,15044,0.9340799999999998,-0.0412849,0.012109300000000003,0.0121588
57708,15045,0.9992000000000001,0.141675,0.018693100000000004,0.018777
49346,15047,0.96211,-0.0397848,0.011540500000000002,0.01158
59815,15071,0.91974,-0.133942,0.010073900000000004,0.0101117
31525,15073,1.0689799999999998,-0.00323783,0.039772300000000003,0.0160727
26199,15074,1.0354200000000002,-0.0164781,0.030081100000000003,0.0143629
57841,15075,0.98116,0.126926,0.04444196,0.0159887
51549,15079,0.9118399999999998,0.126367,0.013431600000000002,0.0134806
27300,15114,0.9065199999999995,-0.0917756,0.012148800000000001,0.0121891
19865,15115,1.0038,-0.076198,0.011934400000000005,0.0119836
20880,15116,0.9357600000000001,0.0734462,0.016101400000000002,0.0161754
20791,15117,1.02435,0.0819733,0.042745620000000005,0.0144536
33684,15118,1.05126,0.0742259,0.0361662,0.0110267
28406,15119,0.9619900000000001,0.113033,0.055375850000000004,0.0101117
22019,15141,1.0051899999999998,-0.113783,0.0138888,0.0139466
24177,15142,0.9250600000000002,0.0428381,0.0162341,0.016292
32584,15143,0.9300600000000001,0.083293,0.04192187,0.0120689
30515,15144,1.0741199999999997,0.082162,0.0305429,0.0138446
44112,15165,0.9728699999999995,0.0758731,0.0337446,0.0156285
56734,15191,0.9325700000000001,-0.158492,0.018929300000000003,0.018994
18808,15193,1.0032199999999998,-0.143168,0.0341653,0.0157088
23033,15194,0.9893799999999997,-0.0439303,0.013945900000000004,0.0140002
42040,15195,0.9481399999999995,-0.0977186,0.019396500000000004,0.0194812
46440,15196,0.89764,-0.0687457,0.010667000000000003,0.010709
59861,15197,0.9170299999999996,-0.0183145,0.01679,0.0168576
54583,15198,0.9479899999999999,0.0157205,0.016027900000000005,0.016086
39975,15199,0.9616899999999999,0.0737626,0.010361700000000001,0.010406
26248,15200,0.9417400000000002,0.112407,0.04664203,0.0119716
50442,15224,0.9904799999999998,-0.154992,0.0767188,0.0101117
17619,15226,1.0486699999999995,-0.122294,0.050981662000000004,0.0240569
35796,15227,1.0014199999999995,0.0280153,0.011064000000000004,0.0111061
31523,15252,0.9729599999999996,-0.132973,0.04346568000000001,0.0175783
12297,15253,1.04875,-0.0209041,0.05654552,0.0156215
17664,15254,1.02475,-0.0642971,0.012086300000000001,0.0121311
25190,15255,0.9660899999999994,0.0520117,0.043863040000000006,0.0111887
14231,15275,1.0832999999999995,-0.126333,0.051023650000000004,0.0108437
57705,15276,0.89086,-0.0465294,0.0125563,0.012612
12252,15277,1.04394,-0.0602935,0.0481052,0.0249742
14455,15278,1.0430599999999997,0.0287998,0.0325574,0.0139154
14275,15279,1.0769399999999996,-0.10063,0.04462469,0.0101117
11288,15280,1.0991900000000001,0.0603142,0.04203204000000001,0.0122854
39929,15290,1.0598200000000002,-0.0299356,0.030628100000000002,0.0135386
59820,15291,0.9996599999999995,0.100565,0.022460800000000003,0.0225458
17623,15295,1.0444899999999997,0.0540164,0.029424800000000004,0.0113545
23030,15307,1.1111899999999997,-0.159116,0.045809600000000006,0.0139539
56694,15308,1.0844499999999995,-0.0200388,0.016494100000000005,0.016579
51499,15333,1.0770299999999997,-0.130036,0.028116800000000004,0.0132181
13265,15334,1.1155499999999998,-0.0716535,0.04015308,0.0121804
58763,15335,1.0256600000000002,0.0319044,0.0123751,0.0124262
54673,15336,1.1154799999999998,0.118026,0.049573575,0.0129199
59775,15360,1.0267499999999998,0.0688285,0.013704300000000003,0.0137625
45295,15383,1.0971899999999994,-0.0909454,0.056760330000000005,0.0154232
24097,15384,1.11369,0.0100071,0.0171129,0.0138705
44156,15386,1.0834700000000002,0.0352626,0.013751100000000002,0.0132508
58762,15387,1.0220799999999999,0.00484913,0.014959600000000003,0.0150176
24050,15388,1.1192099999999998,0.146617,0.047578630000000004,0.0160074
20964,15406,1.0366,-0.0921864,0.018869300000000002,0.0189517
47320,15407,1.03411,-0.0427395,0.010814300000000006,0.0108692
27299,15463,1.0628899999999994,-0.134255,0.0100786,0.0101117
42046,15466,1.0983900000000002,0.159226,0.0354814,0.0111984
44106,15469,1.07294,-0.155628,0.013760800000000004,0.0138129
47321,15495,1.10881,-0.133005,0.026246600000000002,0.0187898
49387,15506,1.0445700000000002,-0.121682,0.0121886,0.0122388
52515,15510,1.0911599999999995,0.0736964,0.012409300000000005,0.0124608
56736,15518,1.0729199999999999,-0.109826,0.012573100000000004,0.0126376
59858,15527,1.0638499999999995,-0.0486213,0.011249700000000001,0.0112894
57749,15528,1.0851899999999999,-0.0493071,0.010072700000000004,0.0101117
58765,15530,1.0628399999999996,0.114836,0.014388500000000005,0.014449
59817,15531,1.0438200000000002,0.0177738,0.010628100000000001,0.0106672
59776,15532,1.1086400000000003,0.0509329,0.016485600000000003,0.016552
54631,15538,1.0520899999999997,0.159811,0.014173700000000004,0.0142261
57753,15543,1.0329800000000002,0.127095,0.017988700000000003,0.0180614
58764,15546,1.0469400000000002,0.0896939,0.015291100000000002,0.0153465
58848,15570,1.0870100000000003,-0.0793229,0.022298400000000003,0.0223779
48377,15588,1.02414,-0.137925,0.013879500000000003,0.0139382
32537,15595,1.1036799999999998,-0.0443746,0.029273200000000003,0.0170108
55642,15602,1.0989899999999997,0.123552,0.014217400000000005,0.01427
57623,15605,1.0867300000000002,0.100728,0.0117349,0.01178
52519,15608,1.1022499999999997,0.151287,0.012377400000000004,0.0124243
21934,15617,1.0236299999999998,0.0490966,0.026961400000000003,0.0102333
32581,15627,1.08662,0.0095997,0.020011600000000004,0.0133785
14412,15628,1.0952399999999995,0.0935568,0.042429390000000004,0.012965
56654,15631,1.0760399999999999,0.142363,0.015390100000000004,0.0154568
21980,15646,1.0579599999999996,0.134295,0.039126,0.0154789
28355,15655,1.1172399999999998,-0.100688,0.015270200000000005,0.0153345
34739,15844,0.05610999999999988,0.0628381,0.0111435,0.0111948
9044,15855,0.10776999999999992,0.0659453,0.05077247,0.0152438
54627,15856,0.013419999999999987,-0.0104724,0.0147189,0.0147745
10006,15871,0.0383899999999997,-0.139542,0.050049302100000005,0.0132183
28360,15878,0.036519999999999886,0.109699,0.027150900000000002,0.0134736
32673,15884,0.10827999999999971,0.104051,0.016593800000000006,0.0166588
51547,15886,0.06635999999999997,-0.0162758,0.014360600000000001,0.014417
8957,15892,0.08067000000000002,0.0324957,0.0692928,0.0138952
43099,15900,0.025339999999999918,0.057234,0.010077100000000005,0.0101117
24178,15902,0.07506999999999975,0.0323319,0.04204105,0.0139504
10184,15904,0.11328000000000005,-0.0510344,0.033472100000000005,0.0134788
54761,15931,0.025679999999999925,0.127891,0.011735200000000001,0.0117831
59994,15937,0.08624999999999972,-0.0674491,0.020612000000000002,0.0206958
58894,15945,0.09055999999999997,0.0160807,0.018521000000000003,0.0186015
6583,15964,0.08166999999999991,0.146676,0.043450220000000005,0.0141404
40020,15977,0.012649999999999828,0.10862,0.011453700000000004,0.0114999
59997,15986,0.08618999999999977,0.139242,0.015290700000000004,0.015361
26334,15991,0.07701000000000002,0.0714267,0.027272300000000003,0.0165963
6449,16006,0.07816000000000001,0.11817,0.05555013,0.0150666
45341,16043,0.010380000000000056,-0.0287912,0.03944400000000001,0.0161758
8117,16051,0.07932000000000006,0.057472,0.055268160000000004,0.0148062
42084,16066,0.07850000000000001,-0.0953139,0.010069400000000006,0.0101117
12474,16067,0.10833999999999966,0.0322618,0.050823279000000006,0.0137997
37902,16079,0.06601999999999997,-0.119256,0.043270020000000006,0.0185135
24175,16080,0.05766999999999989,-0.0889412,0.022845200000000003,0.0151703
6009,16085,0.08966999999999992,0.0950545,0.039114800000000005,0.0127434
41075,16089,0.05270999999999981,0.0485255,0.0329536,0.01514
57834,16090,0.02383999999999986,-0.139467,0.013306900000000003,0.0133644
5348,16092,0.11054999999999993,0.0948352,0.05627547,0.0143168
37907,16099,0.10139999999999993,0.0502255,0.017219200000000004,0.0172791
15597,16108,0.03268000000000004,-0.0847007,0.0347497,0.0128561
14500,16109,0.08777999999999997,0.117223,0.0316405,0.0107499
3895,16120,0.10599999999999987,0.0480405,0.0686052,0.0101117
50536,16123,0.05091000000000001,0.0979271,0.011080600000000003,0.0111319
6975,16127,0.05752999999999986,0.0369019,0.059870070000000004,0.0114991
51543,16134,0.05624999999999991,-0.11829,0.013147800000000001,0.0132028
50534,16135,0.024829999999999686,0.0834516,0.016977100000000002,0.0170329
53658,16144,0.036909999999999776,0.00422358,0.012950500000000004,0.0130107
10181,16151,0.04466999999999999,-0.109999,0.0620524,0.0114203
11987,16154,0.00865999999999989,-0.138677,0.0351628,0.0132905
38916,16158,0.05932000000000004,-0.149335,0.011030100000000001,0.0110721
9046,16161,0.03357999999999972,0.145004,0.025467800000000002,0.0115564
33637,16165,0.05186000000000002,0.0266079,0.013892800000000004,0.0139458
8999,16167,0.0514199999999998,0.0773931,0.04120718,0.0131743
5525,16169,0.053979999999999695,0.158878,0.04819716,0.0165121
7191,16201,0.020809999999999995,-0.115969,0.049508396,0.0162184
59950,16215,0.00810999999999984,-0.0637855,0.0164158,0.0164766
57884,16233,-0.0636300000000003,0.128053,0.0121642,0.0122106
10141,16234,-0.019589999999999996,-0.00342221,0.017703800000000006,0.0177767
59949,16237,-0.0605800000000003,-0.0727058,0.013316100000000004,0.0133691
19866,16246,-0.04559000000000024,0.00823722,0.05705566,0.0113388
17708,16247,-0.05306999999999995,-0.111156,0.0362511,0.0169797
47366,16248,-0.06808000000000014,0.0831433,0.011018100000000003,0.0110548
53659,16249,-0.06153000000000031,0.0542343,0.0154503,0.0155265
39932,16254,-0.0002300000000001745,0.133022,0.014285000000000006,0.0143461
53657,16259,-0.005149999999999988,-0.0951712,0.015121700000000002,0.0151866
49518,16264,0.003049999999999997,-0.122543,0.013413400000000006,0.0134599
15639,16266,-0.05892000000000008,-0.159066,0.038766600000000005,0.0130531
28444,16274,-0.09933000000000014,-0.0603936,0.04079709,0.011932
19997,16275,-0.08828000000000014,-0.0882454,0.019920000000000004,0.0115811
16746,16277,-0.10474000000000006,0.149346,0.044100650000000005,0.0151265
46267,16281,-0.019950000000000134,0.063224,0.011729000000000003,0.0117879
19951,16287,-0.05712000000000028,-0.136554,0.049433957,0.0119467
5702,16289,-0.09362000000000004,0.0998822,0.0775197,0.0138596
6404,16299,-0.08483000000000018,0.0405382,0.062347200000000005,0.0102655
56867,16301,-0.0553300000000001,-0.122833,0.010955600000000003,0.0109996
45254,16318,-0.08788000000000018,0.0156752,0.020654800000000004,0.0207384
25233,16323,-0.08704,-0.0254005,0.0215889,0.0203939
6051,16331,-0.04181999999999997,0.0512259,0.060110500000000004,0.0151802
34735,16333,-0.03810000000000002,-0.0857942,0.0379791,0.012544
23080,16339,-0.05116999999999994,0.0290488,0.04172174,0.0151297
38958,16347,-0.08133999999999997,-0.135787,0.0185757,0.0186493
53704,16349,-0.02831000000000028,0.131096,0.013804200000000003,0.0138479
12299,16354,-0.02491000000000021,0.0916562,0.04193943,0.0139791
8824,16356,-0.015070000000000139,0.131452,0.0361625,0.0121592
41074,16371,-0.08332000000000006,0.109043,0.011182400000000002,0.0112213
48463,16376,-0.026280000000000303,-0.118442,0.0162331,0.0163001
26335,16388,-0.0701900000000002,0.0742739,0.0322457,0.0120616
13441,16393,-0.01546000000000003,-0.0388339,0.0178477,0.0179108
56911,16394,-0.05844000000000005,-0.0446812,0.0147481,0.014801
2707,16396,-0.08420000000000005,0.104491,0.10050049999999999,0.011425
31573,16405,-0.03881000000000023,0.155724,0.019170600000000003,0.013502
28402,16416,-0.05970000000000031,0.0990935,0.029320000000000002,0.014656
16698,16421,-0.04288000000000025,0.0139805,0.021344400000000003,0.0115569
16743,16426,0.0022400000000000198,0.0629504,0.037303,0.016924
14541,16436,-0.07950999999999997,-0.0994549,0.050580832000000006,0.015321
41119,16448,-0.05976000000000026,-0.00474796,0.014518900000000001,0.0145858
5476,16452,-0.07606000000000002,-0.0508989,0.045293490000000006,0.0136284
41072,16469,-0.04144000000000014,-0.054904,0.029783500000000004,0.0101117
53747,16477,-0.09730000000000016,0.0831274,0.019237700000000003,0.0193299
9964,16478,-0.07258000000000031,-0.0748096,0.035900600000000005,0.01232
18723,16480,-0.03351000000000015,0.105477,0.020289500000000002,0.0131291
33636,16498,-0.04740000000000011,-0.097833,0.010073500000000006,0.0101117
22065,16504,-0.08729000000000031,-0.0611557,0.015790700000000005,0.0158611
17757,16505,-0.08761000000000019,0.109401,0.046114470000000005,0.0195348
44242,16510,-0.03817000000000004,-0.0643437,0.049062244000000005,0.0116233
10270,16515,0.0020899999999999253,-0.15921,0.04422414,0.0101117
12210,16519,-0.03591999999999995,0.0495947,0.0286022,0.0136622
13444,16520,-0.011280000000000179,0.159879,0.0146605,0.0147212
49391,16524,0.0015600000000000058,0.0577893,0.010426700000000004,0.0104783
10233,16544,-0.07627000000000006,0.141154,0.0384912,0.0150666
44195,16551,-0.026499999999999968,-0.0738827,0.014934200000000002,0.0149988
24179,16552,-0.07608000000000015,0.0123099,0.05894262,0.0195069
59944,16556,-0.06072999999999995,-0.158978,0.012876400000000003,0.0129297
24174,16559,-0.10374000000000017,-0.12178,0.030032100000000003,0.0101724
7721,16566,-0.09834999999999994,-0.0375673,0.050350163,0.0128561
22068,16573,-0.07345000000000024,0.0501113,0.0426247,0.0144595
4592,16575,-0.02214000000000027,-0.0900036,0.06400650000000001,0.0101117
47407,16586,-0.012790000000000301,-0.148569,0.016672600000000003,0.0167446
10230,16589,-0.09830000000000005,0.0735965,0.04704432,0.0101117
11068,16606,-0.04003000000000023,0.0708697,0.0418171,0.0117429
17801,16611,-0.008329999999999949,0.0886085,0.0165012,0.0165621
10009,16612,-0.015610000000000124,0.026914,0.051081730000000006,0.0217315
34782,16619,-0.0422100000000003,0.0785573,0.015721400000000003,0.0155802
13267,16621,-0.012050000000000338,0.0431954,0.021781800000000004,0.0120085
5656,16622,-0.10031000000000034,0.0609707,0.0649501,0.0119115
7061,16649,-0.08173999999999992,-0.128887,0.056479360000000006,0.0148086
44158,16660,-0.09997999999999996,0.140944,0.015258400000000005,0.0153201
13352,16671,-0.010400000000000187,-0.0738867,0.0439277,0.0182115
9045,16675,-0.11902999999999997,0.123938,0.040873690000000004,0.0142323
7592,16683,-0.1540300000000001,0.0555105,0.07209850000000001,0.0118402
13571,16685,-0.1581800000000002,-0.131336,0.048408,0.017641
27260,16686,-0.14117000000000024,0.111464,0.0370018,0.0114948
30468,16709,-0.14975000000000005,-0.100398,0.04114178,0.0152732
25276,16715,-0.15325000000000033,-0.0237471,0.04014899,0.013694
54755,16732,-0.14749000000000034,-0.152197,0.019513700000000002,0.0196049
58934,16733,-0.11061999999999994,-0.153413,0.014588700000000003,0.0146357
15689,16769,-0.1138300000000001,0.109703,0.05989279,0.0101117
24181,16771,-0.15363000000000016,0.139147,0.014737600000000003,0.0108455
3499,16785,-0.11582000000000026,0.0893435,0.09178800000000001,0.0145859
36847,16791,-0.10577000000000014,-0.105017,0.013459000000000006,0.0135182
59992,16792,-0.13362000000000007,-0.0682093,0.015475800000000005,0.0155348
26331,16800,-0.11642000000000019,-0.137648,0.05376174,0.0210968
43141,16801,-0.11336000000000013,-0.0468912,0.013888700000000004,0.0139436
35882,16829,-0.13221000000000016,0.0817107,0.0674816,0.0157383
36806,16856,-0.12161,-0.00594128,0.014156500000000002,0.0142087
54668,16861,-0.15915999999999997,-0.104543,0.017949900000000005,0.0101117
13443,16864,-0.11404000000000014,0.0904992,0.047064600000000005,0.0130041
18725,16866,-0.15206000000000008,0.134778,0.0395181,0.0143981
23122,16872,-0.13522999999999996,0.0272094,0.015914500000000005,0.0159843
34693,16883,-0.11888999999999994,-0.0337525,0.0357801,0.0122044
17710,16895,-0.11438000000000015,0.033249,0.0500331642,0.0225984
37950,16905,-0.14039000000000001,0.0824516,0.0214025,0.0214952
32671,16906,-0.15364000000000022,0.0568703,0.04471718,0.0156037
56826,16912,-0.14085999999999999,-0.0330695,0.015172000000000005,0.0152329
43139,16914,-0.11068000000000033,-0.128569,0.010508300000000005,0.010568
34692,16916,-0.10966000000000031,-0.0887003,0.04063872,0.0182272
36848,16968,-0.1319600000000003,0.00970192,0.035244000000000004,0.0103264
49437,16982,-0.12783000000000033,0.136151,0.0127023,0.0127538
24220,17030,-0.12468000000000012,-0.0548976,0.05922956,0.0199229
9217,17034,-0.15419000000000027,-0.0738845,0.05578181,0.0153782
54715,17042,-0.14356999999999998,0.115755,0.012987000000000005,0.0130307
56823,17045,-0.13430000000000009,-0.115683,0.0171095,0.0171717
10188,17078,-0.1289100000000003,0.14519,0.0338184,0.0102655
18854,17102,-0.11243000000000025,0.00219169,0.035718200000000006,0.0106218
31614,17112,-0.12957000000000019,-0.012205,0.042412240000000004,0.012766
29458,17120,-0.13133000000000017,0.0532673,0.010830400000000004,0.0108732
39004,17150,-0.1528100000000001,-0.00290228,0.017237800000000005,0.0173095
51679,17156,-0.11396000000000006,0.112494,0.014728400000000003,0.0147799
51500,17163,-0.11158000000000001,-0.0816502,0.010703300000000006,0.0107446
